{"cameraMode":{"drawMode":0,"name":"Shaded","section":"Shading Mode"},"sceneLighting":false,"audioPlay":false,"sceneViewState":{"showFog":true,"showMaterialUpdate":false,"showSkybox":true,"showFlares":true,"showImageEffects":true,"showParticleSystems":true},"in2DMode":false,"pivot":{"x":0.002201259136199951,"y":-0.010988593101501465,"z":0.006554841995239258},"rotation":{"x":-0.0450274832546711,"y":0.9480644464492798,"z":-0.2734512686729431,"w":-0.1561117023229599},"size":2.8578836917877199,"orthographic":false}